sample_id,rock_type,latitude,longitude,SiO2,MgO,Na2O,K2O
RS-01,basalt,21.150,79.090,49.2,7.8,2.8,0.6
RS-02,basalt,21.180,79.120,50.1,7.1,3.0,0.7
RS-03,andesite,21.210,79.050,58.6,3.4,3.6,1.5
RS-04,andesite,21.240,79.010,60.2,2.9,3.8,1.8
RS-05,dacite,21.260,79.150,66.3,1.6,4.1,2.4
RS-06,rhyolite,21.300,79.200,73.5,0.4,3.9,4.5
RS-07,basalt,21.120,79.180,48.4,8.6,2.6,0.4
RS-08,rhyolite,21.330,79.230,75.1,0.2,3.7,4.9
RS-09,dacite,21.280,79.110,67.8,1.2,4.2,2.9
RS-10,andesite,21.220,79.070,57.3,3.9,3.4,1.2
